{
    "count": 3,
    "id": 112,
    "fiducials": [
        {
            "x": 0.0,
            "y": 0.0,
            "z": 0.0
        },
        {
            "x": 90.0,
            "y": 0.0,
            "z": 0.0
        },
        {
            "x": 36.984722,
            "y": 20.937534,
            "z": 0.0
        }
    ]
}
