{
    "count": 3,
    "id": 200,
    "fiducials": [
        {
            "x": -14.72079661347247,
            "y": -31.918021974238133,
            "z": 8.673617379884035e-16
        },
        {
            "x": 49.02434066250804,
            "y": 7.501001196993885,
            "z": -2.6020852139652106e-15
        },
        {
            "x": -34.30354404903556,
            "y": 24.41702077724422,
            "z": -4.336808689942018e-15
        }
    ],
    "pivot": {
        "x": 0.0,
        "y": 0.0,
        "z": 0.0
    }
}
